{
  "name": "mashtl-fcm-backend",
  "version": "1.0.0",
  "description": "FCM Backend for Mashtl 2FA notifications",
  "main": "fcm-backend-example.js",
  "scripts": {
    "start": "node fcm-backend-example.js",
    "dev": "nodemon fcm-backend-example.js",
    "test": "echo \"Error: no test specified\" && exit 1"
  },
  "keywords": [
    "firebase",
    "fcm",
    "push-notifications",
    "2fa",
    "mashtl"
  ],
  "author": "Mashtl Team",
  "license": "MIT",
  "dependencies": {
    "express": "^4.18.2",
    "cors": "^2.8.5",
    "firebase-admin": "^11.11.0"
  },
  "devDependencies": {
    "nodemon": "^3.0.1"
  },
  "engines": {
    "node": ">=16.0.0"
  }
} 